{
"HIS":{
    "aliases":["HSD","HSE","HSP"],
    "states":{"P":[1,1],"E":[0,1],"D":[1,0]},
    "l0atoms":["CB","HB1","HB2","ND1","HD1","CG","CE1","HE1","NE2","HE2","CD2",
               "HD2"],
    "dG":[-15.7,0.1],
    "pKa":[6.5,7.0],
    "Tref":298.0
},
"ASP":{
    "states":{"1":[1,0],"2":[0,1],"D":[0,0]},
    "l0atoms":["CB","HB1","HB2","CG","OD1","HD1","OD2","HD2"],
    "dG":[-50.3],
    "pKa":[4.0],
    "Tref":298.0
},
"GLU":{
    "states":{"1":[1,0],"2":[0,1],"D":[0,0]},
    "l0atoms":["CG","HG1","HG2","CD","OE1","HE1","OE2","HE2"],
    "dG":[-64.7],
    "pKa":[4.4],
    "Tref":298.0
},
"CYS":{
    "states":{"N":[1],"M":[0]},
    "l0atoms":["CB","HB1","HB2","SG","HG1"],
    "dG":[-81.0],
    "pKa":[9.5],
    "Tref":298.0
},
"LYS":{
    "states":{"P":[1,1,1],"1":[0,1,1],"2":[1,0,1],"3":[1,1,0]},
    "l0atoms":["CE","HE1","HE2","NZ","HZ1","HZ2","HZ3"],
    "dG":[42.7],
    "pKa":[10.4],
    "Tref":298.0
}
}
